<doc marginRight=10 marginLeft=10 marginTop=10>
    <style name=default>
        <attribute name="font.size" value="17">
        <attribute name="font.name" value="Arial">
        <attribute name="font.colour" value="#c8c8ff">
        <attribute name="margin" value=5>
    </style>
    <style name=p parent=default>
        <attribute name="margin" value=20>
    </style>    
    <style name=link parent=default>
        <attribute name="font.colour" value="yellow">
        <attribute name="font.colour#hover" value="red">
        <attribute name="font.colour#down" value="gray">
        <attribute name="font.underline" value=1>
    </style>
    <style name=button parent=default>
        <attribute name="font.name" value="Tahoma">
        <attribute name="background-colour" value="#c0c0c0">
        <attribute name="background-colour#hover" value="#7c7cc2">
        <attribute name="background-colour#down" value="white">
    </style>
    <style name=h1>
        <attribute name="font.name" value="Verdana">
        <attribute name="font.size" value="20">
        <attribute name="font.colour" value="red">
    </style>
    <card name="welcome" style=default>
    <p style=default>
        <text style=default>Welcome to Wavelet Sound Explorer. To start, open a short wave file.</text>
        </text>
    </p>
    <p marginTop=30>
        <button style=button width=130 onclick=open>Open</button>
    </p>
    </card>

    <card name="openfailed" style=default visible=false>
    <p style=default>
        <text style=default>The file could not be opened. It might have been too large. Wavelet Sound Explorer can only handle files a few seconds long at the moment. Click </text><text style=link onclick=webpage>here</text><text style=default> for more information.</text> 
    </p>
    <p marginTop=30>
        <button style=button width=130 onclick=open>Open Another</button>
    </p>
    </card>

    <card name="opened" visible=false>
        <p marginTop=17 style=default>    
            <text style=h1>Play Tool</text>
        </p>
        <p marginTop=8 style=default>
            <text>With the play tool, highlight a section of the image. After a moment, Wavelet Sound Explorer will filter and play that section.</text>
        </p>
    </card>
    <card name="ask_resample" style=default visible=false>
        <p marginBottom=10>
            <text style=default>You can the sound to a lower quality so that operations are faster.</text>
        </p>
        <button name=8000 onclick="8000" style=button marginTop=10 width=125>8.000 kHz</button>
        <button name=11025 onclick="11025" style=button marginTop=10 width=125>11.025 kHz</button>
        <button name=22050 onclick="22050" style=button marginTop=10 width=125>22.050 kHz</button>
        <button onclick="noresample" style=button marginTop=10 width=125>No, Thanks.</button>
    </card>
    <card name=resampling style=default visible=false>
        <p><text>Please wait while the sound is resampled.</text></p>
        <input type=progress width=150 height=30 marginTop=10>
        <p marginTop=10><text style=link>Cancel</text></p>
    </card>
    <card name=rendering style=default visible=false>
        <p><text>Please wait while the scalogram is calculated.</text></p>
        <input type=progress width=150 height=30 marginTop=10>
        <p marginTop=10><text style=link>Cancel</text></p>
    </card>
    <card name="seltool" visible=false>
        <p marginTop=17 style=default>    
            <text style=h1>Selection Tool</text>
        </p>
        <p marginTop=8 style=default>
            <text>With the selection tool, you can choose regions of the image to work on.</text>
        </p>
    </card>
</doc>
